feature_0,feature_1,feature_2,feature_3,feature_4,feature_5,feature_6,feature_7,feature_8,feature_9,feature_10,feature_11,label
1.1816957441599805,0.029604632236361,0.2772319515217229,0.0165656352498092,0.0070069214678797,0.0191808073083297,838.0072768019527,0.5552696220358755,46.33490708475632,0.7771079216290195,0.9742012729120236,0.4808889225435098,low
1.1471491061705172,0.0154521297578094,0.1745882254861074,0.0281309541957849,0.0207226706879687,0.0355725146606356,790.0446620724849,0.400489007616066,19.04660596280214,0.5232243344512497,1.8239881715669484,0.4702835143543069,medium
1.220113597679213,0.0057048627348529,0.3364039949965531,0.0183469221885208,0.0248028780741908,0.0144365042770004,893.4079438677487,0.3880217489912511,68.02542789057273,0.6130763590573809,3.0073092726557964,0.3626159090032519,high
1.1485400929562368,-0.0738503044843757,0.2065175155561161,0.0243987625490166,0.0239578129254047,0.0313216940817907,3011.645274001274,13.75496665328147,99.56389469068571,3.1870780447359244,8.946684586847235,1.7823308010789338,high
1.1630248501107967,-0.0637220010224732,0.1470801755140572,0.0298607622211802,0.0224042329441842,0.0613534375563525,2370.0099442194,7.98833586263368,44.46607165417673,2.7150571930609506,6.881694445066676,1.562979647019609,low
1.1584929086478972,-0.0689669188494043,0.1737701138053799,0.0287407430617834,0.0244220635135457,0.0659545382063388,3377.4727759631987,13.461879363641298,86.87897470718451,3.570991199669318,10.073521042490746,2.131134419356936,medium
1.121258349887792,-0.0447291108137077,0.0373103290725604,0.0152233525410293,0.0172402715133216,0.0632049852188156,754.4709908429472,1.3784549626609466,3.228163617051564,0.4543074213935401,1.7294437583072375,0.376988071264922,medium
1.197703760537729,-0.0333662857331334,0.2377220413882451,0.0165930826025346,0.0114676197712189,0.009837930244014,860.8615017074931,0.7467576898021956,33.96503551509689,0.4679152965150903,0.9304032845999028,0.2185329948018249,low
1.1649750911984877,-0.0642785020768009,0.07586890278536591,0.018418680152340574,0.02398378751445823,0.03354735999090968,814.503387287109,2.8235935136020487,4.127784037966634,0.8900558939189991,2.989065287236141,0.38361974804077137,high
